2nd Activator, 3rd Activator, 2nd Layer Units, 3rd Layer Units, Train ERROR MSE,Test ERROR MSE,Train ERROR MAE,Test ERROR MAE 
Rectifier,Rectifier,2,4,0.00707896437121,0.00685767685276,0.0579004946895,0.0573733974583
Rectifier,Rectifier,2,6,0.00694490350213,0.00673375441358,0.0574701111405,0.0569648136193
Rectifier,Rectifier,2,8,0.00708902840637,0.0068699049222,0.0579547350478,0.0574518020113
Rectifier,Rectifier,2,10,0.00688517076073,0.00668232704268,0.0567108595681,0.0561695893553
Rectifier,Rectifier,2,12,0.0070051867228,0.00678302519182,0.0574766262768,0.0569246427641
Rectifier,Rectifier,4,4,0.0051361244055,0.00493441017009,0.0492295601944,0.0488177028482
Rectifier,Rectifier,4,6,0.00507049172119,0.00486903097237,0.0500390792483,0.0495988244516
Rectifier,Rectifier,4,8,0.00507539997013,0.00487439886239,0.0499322497524,0.0495236527848
Rectifier,Rectifier,4,10,0.00537891242241,0.00519316242691,0.0508510712831,0.0502876740321
Rectifier,Rectifier,4,12,0.00354415938525,0.00335055906121,0.0405720823676,0.040326608365
Rectifier,Rectifier,6,4,0.00708243100774,0.00685695707806,0.0578834276942,0.0573409799442
Rectifier,Rectifier,6,6,0.00521375685932,0.00499338811091,0.0506319455497,0.0502521760077
Rectifier,Rectifier,6,8,0.00355696625139,0.00346089997227,0.0430022470752,0.0429886908765
Rectifier,Rectifier,6,10,0.00361464730501,0.00342538333027,0.0411702397436,0.0409133444971
Rectifier,Rectifier,6,12,0.00262741333527,0.00254617852244,0.0346523357615,0.0346478534875
Rectifier,Rectifier,8,4,0.00408350975663,0.00395724677233,0.0444037169019,0.0440332641108
Rectifier,Rectifier,8,6,0.00534394557999,0.00515542735669,0.0499921466171,0.0496569734442
Rectifier,Rectifier,8,8,0.00264728663085,0.00258071046335,0.0358328501638,0.0359213608909
Rectifier,Rectifier,8,10,0.00291895385076,0.00273541005719,0.0372646246961,0.036778838735
Rectifier,Rectifier,8,12,0.00167408848943,0.0015949780254,0.0276246302764,0.0272789083964
Rectifier,Sigmoid,2,4,0.00711557125697,0.00689573949738,0.0582618101514,0.0577113046411
Rectifier,Sigmoid,2,6,0.00710995050725,0.00689216641389,0.058185861221,0.0576551944069
Rectifier,Sigmoid,2,8,0.00710855433118,0.00689258815982,0.0581411861469,0.0576160051151
Rectifier,Sigmoid,2,10,0.00711118093984,0.00689629107191,0.0582292558183,0.0577078029552
Rectifier,Sigmoid,2,12,0.00710339251095,0.00688438253507,0.058147401662,0.0576596152274
Rectifier,Sigmoid,4,4,0.00397587454401,0.00377578962929,0.0446400556449,0.04420041227
Rectifier,Sigmoid,4,6,0.0064252810513,0.00622313468183,0.0556532698904,0.0551320557423
Rectifier,Sigmoid,4,8,0.00555768375997,0.00537060142918,0.0516650968537,0.0513778628135
Rectifier,Sigmoid,4,10,0.0060706169691,0.005904550205,0.0548987019529,0.0543694173274
Rectifier,Sigmoid,4,12,0.00366393261264,0.00346861630709,0.041632337991,0.0414502104204
Rectifier,Sigmoid,6,4,0.00292814550902,0.00279478884266,0.0382869468451,0.0378394547947
Rectifier,Sigmoid,6,6,0.00301347936334,0.00296829785599,0.0400107043376,0.0399789630486
Rectifier,Sigmoid,6,8,0.00298120530962,0.00284653230173,0.0386433049199,0.0382783156882
Rectifier,Sigmoid,6,10,0.00228931709608,0.0021980600929,0.0342820452328,0.0341414481411
Rectifier,Sigmoid,6,12,0.00373382912998,0.00356202862751,0.0429237700178,0.0427685856683
Rectifier,Sigmoid,8,4,0.00311266321889,0.00292700128263,0.039873579786,0.0393152498055
Rectifier,Sigmoid,8,6,0.00376273617054,0.0036095361017,0.0437817554906,0.0436418510152
Rectifier,Sigmoid,8,8,0.00268331161812,0.00256429381202,0.0368149202403,0.036680720557
Rectifier,Sigmoid,8,10,0.00267706196159,0.00256464396083,0.036856685251,0.0366871613117
Rectifier,Sigmoid,8,12,0.00203657097267,0.00198555759187,0.0324280751914,0.032235601051
Rectifier,Tanh,2,4,0.00708252389824,0.0068602542531,0.0578907242084,0.0573698891915
Rectifier,Tanh,2,6,0.00705719549209,0.00683860267731,0.0579820916412,0.0575030428104
Rectifier,Tanh,2,8,0.00708469339519,0.00686512213111,0.0579138009061,0.0574025081692
Rectifier,Tanh,2,10,0.00708323719278,0.00686027833296,0.057923513649,0.0573925615943
Rectifier,Tanh,2,12,0.00704679756177,0.00682167791066,0.0576844936394,0.0571592006869
Rectifier,Tanh,4,4,0.00393669959936,0.00375469468476,0.0446608369385,0.0442904041398
Rectifier,Tanh,4,6,0.00573538038691,0.0055380585858,0.0525499797337,0.0519667322228
Rectifier,Tanh,4,8,0.00507463717954,0.00486703823842,0.0500463227985,0.0495931036943
Rectifier,Tanh,4,10,0.00543276979834,0.00523045302406,0.0511469269609,0.0506837173874
Rectifier,Tanh,4,12,0.00360903340813,0.00340489472266,0.0410256961745,0.0407893012728
Rectifier,Tanh,6,4,0.00268900574266,0.0024934497259,0.0345291710761,0.0336591375414
Rectifier,Tanh,6,6,0.0026396043841,0.00255427586113,0.0350880366821,0.035043048644
Rectifier,Tanh,6,8,0.00335112350581,0.00323529067321,0.0412940254028,0.0412431085007
Rectifier,Tanh,6,10,0.00261080930765,0.00249934699253,0.0354336553075,0.0351724306808
Rectifier,Tanh,6,12,0.00201539202732,0.00191102583667,0.0298252965558,0.0291112629663
Rectifier,Tanh,8,4,0.00268182278045,0.00255629330429,0.0362977425893,0.0358704092897
Rectifier,Tanh,8,6,0.00263656014381,0.00253190174129,0.0355303844033,0.0355133697847
Rectifier,Tanh,8,8,0.00201172831538,0.00194934818875,0.0317554870766,0.0313451873067
Rectifier,Tanh,8,10,0.00186174891259,0.00175658136709,0.028496566589,0.0278483681414
Rectifier,Tanh,8,12,0.00136380631676,0.001268224945,0.0234444948116,0.0229705049183
Rectifier,ExpLin,2,4,0.00707956921183,0.00686062201416,0.057934490839,0.0574287490167
Rectifier,ExpLin,2,6,0.00709482143095,0.00687232997723,0.058034417971,0.0575151389133
Rectifier,ExpLin,2,8,0.0070478628148,0.00683174002066,0.0576997305436,0.0571805563065
Rectifier,ExpLin,2,10,0.00706019221966,0.00683735402987,0.0577792221193,0.0572438476836
Rectifier,ExpLin,2,12,0.00706591626793,0.00684329439214,0.0578008065984,0.0573127701465
Rectifier,ExpLin,4,4,0.00501574973645,0.0048289428895,0.049708433881,0.0493176893868
Rectifier,ExpLin,4,6,0.00565465819673,0.00545016265825,0.0521611677207,0.0515917539727
Rectifier,ExpLin,4,8,0.00507069248576,0.00486379644633,0.0500418262138,0.0495993302074
Rectifier,ExpLin,4,10,0.00533789731642,0.00513780624709,0.0504823689547,0.0500567038072
Rectifier,ExpLin,4,12,0.00361828200701,0.00342050741227,0.0414317528756,0.0412305379823
Rectifier,ExpLin,6,4,0.00271222915211,0.00252670768391,0.0351115301535,0.0342794093465
Rectifier,ExpLin,6,6,0.0026554722745,0.00255878649353,0.0354427672693,0.0353026823927
Rectifier,ExpLin,6,8,0.00470388954602,0.00457404685426,0.0482075369003,0.0479544498568
Rectifier,ExpLin,6,10,0.002618826432,0.00250374889187,0.0354529950537,0.0352197440163
Rectifier,ExpLin,6,12,0.00211005672404,0.00202857762864,0.0316531512535,0.031286434107
Rectifier,ExpLin,8,4,0.00266142670065,0.00253711689461,0.0360361588911,0.0356279641622
Rectifier,ExpLin,8,6,0.00267222524943,0.0025653133553,0.0358464279821,0.0359011160061
Rectifier,ExpLin,8,8,0.00202860725649,0.00196886743688,0.032030114594,0.0316378944189
Rectifier,ExpLin,8,10,0.00185698633159,0.00175345229774,0.028356331195,0.0277455450345
Rectifier,ExpLin,8,12,0.00136448660445,0.00126962501272,0.0235215492696,0.0230592628238
Sigmoid,Rectifier,2,4,0.00536420770177,0.00520263312483,0.0511106696323,0.0507491199567
Sigmoid,Rectifier,2,6,0.00567141164634,0.00545768236337,0.0522592043127,0.0519334488516
Sigmoid,Rectifier,2,8,0.00504902777655,0.00483883182325,0.0503471637959,0.0498638970073
Sigmoid,Rectifier,2,10,0.00511555734164,0.0049157834889,0.0501493300959,0.0497104823734
Sigmoid,Rectifier,2,12,0.00510584126556,0.00491253015882,0.050672039513,0.050179876066
Sigmoid,Rectifier,4,4,0.00377029376581,0.0035727538703,0.0435267969766,0.0431902892671
Sigmoid,Rectifier,4,6,0.00438036787302,0.0041992751635,0.0468230749849,0.0466325927107
Sigmoid,Rectifier,4,8,0.00370623042672,0.00350519542866,0.0427043673726,0.0424377053918
Sigmoid,Rectifier,4,10,0.00274489726207,0.00266471764263,0.037494997898,0.0373227308816
Sigmoid,Rectifier,4,12,0.00272231036685,0.0026212101661,0.0363901160105,0.0362041182376
Sigmoid,Rectifier,6,4,0.00518852863091,0.00498588359809,0.0495648663379,0.0491538576975
Sigmoid,Rectifier,6,6,0.00528012684976,0.00506043167423,0.0510040894348,0.0506900795789
Sigmoid,Rectifier,6,8,0.00371910329908,0.00355070712955,0.0429417241993,0.0427490289071
Sigmoid,Rectifier,6,10,0.00366545786966,0.00349907565812,0.0430406466271,0.0428664642672
Sigmoid,Rectifier,6,12,0.0030174645963,0.00288774564,0.039290362341,0.0388469013558
Sigmoid,Rectifier,8,4,0.00708130434613,0.00685964056452,0.0578217427133,0.0573001075822
Sigmoid,Rectifier,8,6,0.00561340923226,0.00539445651265,0.0520917291373,0.0517015472894
Sigmoid,Rectifier,8,8,0.00268974248795,0.00262300399792,0.0362517224196,0.0361902161816
Sigmoid,Rectifier,8,10,0.00169875832849,0.00160053566594,0.0279581145655,0.0274923099774
Sigmoid,Rectifier,8,12,0.0010370411358,0.000983589329106,0.0222010189379,0.0217259671106
Sigmoid,Sigmoid,2,4,0.00652065166403,0.00630382922613,0.0561526347156,0.0555888773644
Sigmoid,Sigmoid,2,6,0.00694807768882,0.00673727741995,0.0577523477755,0.0572851810788
Sigmoid,Sigmoid,2,8,0.00635042534661,0.00613018360826,0.055995506094,0.0555545107964
Sigmoid,Sigmoid,2,10,0.00605768904729,0.00584875775391,0.0545729490859,0.0540851286313
Sigmoid,Sigmoid,2,12,0.00676866307861,0.00657315290104,0.0570926272977,0.0565755910941
Sigmoid,Sigmoid,4,4,0.00652909476446,0.0063180969385,0.0566733101131,0.0560924458932
Sigmoid,Sigmoid,4,6,0.00576025233959,0.00558175364571,0.0536945235689,0.0532938797843
Sigmoid,Sigmoid,4,8,0.0057673488514,0.0055661929742,0.0536598242712,0.0532218902583
Sigmoid,Sigmoid,4,10,0.00513193103781,0.00498216599335,0.0508519981956,0.0505469070511
Sigmoid,Sigmoid,4,12,0.00548655060905,0.0053117891588,0.0519696903774,0.0516101170339
Sigmoid,Sigmoid,6,4,0.00572285532067,0.00551743764606,0.0533344646991,0.0527427274764
Sigmoid,Sigmoid,6,6,0.00513355603282,0.0049566120924,0.0514691363394,0.0511228797515
Sigmoid,Sigmoid,6,8,0.00522958498911,0.00503779199248,0.0507738115782,0.0504207404222
Sigmoid,Sigmoid,6,10,0.00438891691172,0.00426107544859,0.0468834331846,0.0466333516438
Sigmoid,Sigmoid,6,12,0.00514178032258,0.00495769077148,0.0505332239441,0.0500903183868
Sigmoid,Sigmoid,8,4,0.00525186505875,0.00507264522109,0.050117412125,0.0496630291862
Sigmoid,Sigmoid,8,6,0.00477058402527,0.00460217655333,0.0491037209672,0.0488993595425
Sigmoid,Sigmoid,8,8,0.00395221387503,0.00379913886897,0.0441644910552,0.0438311761257
Sigmoid,Sigmoid,8,10,0.00358037902037,0.00340598306863,0.0427201346123,0.0423519918208
Sigmoid,Sigmoid,8,12,0.0033623824543,0.00324550230344,0.0414584759251,0.0414139885227
Sigmoid,Tanh,2,4,0.00531781597592,0.00509079451627,0.0515637389857,0.0509804860674
Sigmoid,Tanh,2,6,0.00544063428612,0.00523605802635,0.0510646478433,0.0506320319947
Sigmoid,Tanh,2,8,0.00510659550565,0.00488900328924,0.0508149069141,0.0502918556164
Sigmoid,Tanh,2,10,0.00517910433352,0.0049803731705,0.0493143917931,0.0488639194771
Sigmoid,Tanh,2,12,0.00513278669172,0.00493485163566,0.050976379361,0.0505121117302
Sigmoid,Tanh,4,4,0.00335027086305,0.00322260959877,0.0415694647331,0.0413426901845
Sigmoid,Tanh,4,6,0.00302180185091,0.00285657105097,0.0385962070372,0.0380472374007
Sigmoid,Tanh,4,8,0.00317476972903,0.00294971282778,0.0388167781178,0.038258753634
Sigmoid,Tanh,4,10,0.00280864220442,0.00276392936207,0.0383587536493,0.0383501584847
Sigmoid,Tanh,4,12,0.00276077969979,0.00264596199245,0.0368786113437,0.0366314320596
Sigmoid,Tanh,6,4,0.00282849286539,0.00268592710883,0.0378613042723,0.0375148858665
Sigmoid,Tanh,6,6,0.00214314944441,0.00209815144202,0.0325732630083,0.0325696411421
Sigmoid,Tanh,6,8,0.00196517000944,0.00184441299295,0.0302731657087,0.0298609561965
Sigmoid,Tanh,6,10,0.00201064733981,0.00193078529165,0.0307704573977,0.0304346881697
Sigmoid,Tanh,6,12,0.00170326088315,0.00161426084496,0.0283397956774,0.0276868860188
Sigmoid,Tanh,8,4,0.00296148032724,0.00278863446518,0.0388511171041,0.038132410811
Sigmoid,Tanh,8,6,0.00209625133888,0.00197415802206,0.0322894956158,0.0319926323142
Sigmoid,Tanh,8,8,0.00181479947495,0.00176573198356,0.0294677238466,0.0292054796165
Sigmoid,Tanh,8,10,0.00140218907215,0.00131914585541,0.0252318723335,0.0246975435716
Sigmoid,Tanh,8,12,0.00115930972038,0.00109615426154,0.024002962196,0.0234602025108
Sigmoid,ExpLin,2,4,0.00558490085576,0.0053624315877,0.0526486987432,0.0519524754208
Sigmoid,ExpLin,2,6,0.00553401163221,0.00532547214815,0.0516020376992,0.0512488117301
Sigmoid,ExpLin,2,8,0.00509703853306,0.00488112338174,0.0507461801537,0.0502393667545
Sigmoid,ExpLin,2,10,0.00529752490675,0.00510058029267,0.0496784407702,0.0492081162495
Sigmoid,ExpLin,2,12,0.00511673555618,0.00491939968906,0.0508595998029,0.0503922359535
Sigmoid,ExpLin,4,4,0.00326365393072,0.00313760020203,0.0408177808511,0.0405889197183
Sigmoid,ExpLin,4,6,0.00314533852215,0.00295609303955,0.0390518694536,0.038555885241
Sigmoid,ExpLin,4,8,0.00339060340884,0.00317003708954,0.040189791971,0.0397539807913
Sigmoid,ExpLin,4,10,0.00280653905635,0.00275518542349,0.0382298916402,0.0381913468697
Sigmoid,ExpLin,4,12,0.00271206590661,0.00260694973647,0.0364426503508,0.0362506362629
Sigmoid,ExpLin,6,4,0.00285540516116,0.00272617996445,0.0380907832179,0.0377688153187
Sigmoid,ExpLin,6,6,0.00227904129981,0.00220848833455,0.0334360348599,0.0333098223285
Sigmoid,ExpLin,6,8,0.00189104957012,0.0017669131874,0.029399913679,0.0287850020916
Sigmoid,ExpLin,6,10,0.00197237724804,0.00187989498102,0.0302998632366,0.0298696259111
Sigmoid,ExpLin,6,12,0.00173603422519,0.00165792005429,0.0289363136267,0.0282903050807
Sigmoid,ExpLin,8,4,0.00293301475523,0.00276704547875,0.0385388777216,0.0378302887449
Sigmoid,ExpLin,8,6,0.00217370560269,0.00205375086357,0.0329935546046,0.0326790728763
Sigmoid,ExpLin,8,8,0.00179584906916,0.00175798173825,0.0294436627397,0.0292043653106
Sigmoid,ExpLin,8,10,0.00139872033517,0.00131649893508,0.0251087360538,0.0245716540215
Sigmoid,ExpLin,8,12,0.000982136671526,0.000925525824634,0.0215027526414,0.0210635913934
Tanh,Rectifier,2,4,0.00507752305359,0.00486768490145,0.0503842151801,0.0499084309925
Tanh,Rectifier,2,6,0.00508696169454,0.00488641572687,0.0502177216682,0.0498065004703
Tanh,Rectifier,2,8,0.00490752056644,0.00471490337882,0.0493145528019,0.0488306038526
Tanh,Rectifier,2,10,0.00493285546393,0.00472320880248,0.0495959147132,0.0491458748411
Tanh,Rectifier,2,12,0.00493363199581,0.0047597703392,0.0494840591518,0.0491253271748
Tanh,Rectifier,4,4,0.00362605403472,0.00342148147575,0.0412974236148,0.0410049018756
Tanh,Rectifier,4,6,0.00369321067033,0.00348715706757,0.0422520590479,0.0418121229521
Tanh,Rectifier,4,8,0.00266819988849,0.00252127724074,0.0356885868367,0.0352911572428
Tanh,Rectifier,4,10,0.00263013127946,0.00256682902208,0.035895670493,0.0359041541515
Tanh,Rectifier,4,12,0.00293802566668,0.00273150135039,0.0361824373214,0.0354478558727
Tanh,Rectifier,6,4,0.00707930827746,0.00685913232925,0.0578993241414,0.0573740940473
Tanh,Rectifier,6,6,0.00361827022957,0.0034211663314,0.0411245641222,0.0409226461708
Tanh,Rectifier,6,8,0.00213078404249,0.00202180005663,0.0323121320807,0.0318004535687
Tanh,Rectifier,6,10,0.00190907853516,0.00178912396153,0.0287165138818,0.0281047479663
Tanh,Rectifier,6,12,0.00156821913803,0.00149963639923,0.0275079223489,0.0272786163162
Tanh,Rectifier,8,4,0.00505349258963,0.00485595171233,0.0501039035735,0.049653165307
Tanh,Rectifier,8,6,0.00508705167649,0.00488799584683,0.0497809545226,0.0493664751546
Tanh,Rectifier,8,8,0.00276019347994,0.002694709904,0.0368365474225,0.03663319314
Tanh,Rectifier,8,10,0.00134431774917,0.00125851616643,0.0235461918404,0.0231411211969
Tanh,Rectifier,8,12,0.000909640858257,0.000871238292375,0.019644314155,0.0193580963463
Tanh,Sigmoid,2,4,0.00515189814829,0.00493364567466,0.0508976679255,0.0504098156536
Tanh,Sigmoid,2,6,0.00522015196428,0.00501621604028,0.0501732517976,0.0498063230065
Tanh,Sigmoid,2,8,0.00512200369137,0.00490421639802,0.0509203447838,0.0504208331626
Tanh,Sigmoid,2,10,0.00512502756598,0.00492301590195,0.0500042395609,0.0495792976027
Tanh,Sigmoid,2,12,0.00518050326818,0.00499286760047,0.0507994030183,0.0503057354592
Tanh,Sigmoid,4,4,0.00361904858373,0.00342834981116,0.0419675256396,0.0416415903874
Tanh,Sigmoid,4,6,0.00328072215711,0.00310371877159,0.0399173006635,0.0397829870778
Tanh,Sigmoid,4,8,0.00384206015223,0.00362124737545,0.0433916705161,0.0429633710242
Tanh,Sigmoid,4,10,0.00280873254221,0.0027584941127,0.0383495822103,0.0383803550291
Tanh,Sigmoid,4,12,0.00280001015569,0.00269557310185,0.0370945216365,0.0369983184906
Tanh,Sigmoid,6,4,0.00291096472862,0.00278339102067,0.0384553351729,0.0380645427965
Tanh,Sigmoid,6,6,0.0027412723512,0.00266162938676,0.0369914213497,0.036989904834
Tanh,Sigmoid,6,8,0.00174887809132,0.00170583558938,0.0293892770007,0.0293836090288
Tanh,Sigmoid,6,10,0.00216974097477,0.0020676776781,0.0326443710662,0.0324710917255
Tanh,Sigmoid,6,12,0.00168375895828,0.00158303156208,0.0280216806422,0.0273992518325
Tanh,Sigmoid,8,4,0.00285426125618,0.00267360728853,0.0374696427443,0.0369517340799
Tanh,Sigmoid,8,6,0.00218324529712,0.00209849915853,0.0334911075144,0.0333610179193
Tanh,Sigmoid,8,8,0.00182490215823,0.00178231944396,0.0296987794183,0.0294416235283
Tanh,Sigmoid,8,10,0.0014076851016,0.00131716645558,0.0250799441543,0.024520963296
Tanh,Sigmoid,8,12,0.00108143300334,0.00102820189214,0.0228512178544,0.0224092752003
Tanh,Tanh,2,4,0.00505902263347,0.0048503439156,0.0501157859262,0.0496290792448
Tanh,Tanh,2,6,0.00505794949802,0.00485466659515,0.049959198623,0.0495692230999
Tanh,Tanh,2,8,0.00505800800566,0.00484702411692,0.0502266185053,0.0497040541773
Tanh,Tanh,2,10,0.00505831298891,0.00484945243347,0.0501981774854,0.0497029706831
Tanh,Tanh,2,12,0.00506363784303,0.00485955596175,0.0502308076357,0.0497482010355
Tanh,Tanh,4,4,0.00275677909022,0.00268879715035,0.037028573786,0.0368913283922
Tanh,Tanh,4,6,0.0026731237437,0.00249335616535,0.0355758023139,0.0348280063324
Tanh,Tanh,4,8,0.00274500453766,0.00264633582386,0.0364253810423,0.0362896746441
Tanh,Tanh,4,10,0.00262604785888,0.00253651013799,0.0355643770956,0.0355314400089
Tanh,Tanh,4,12,0.00270871549662,0.00263148402443,0.0366374068849,0.0366073015431
Tanh,Tanh,6,4,0.00265723258696,0.0024938457579,0.035875031574,0.035397249446
Tanh,Tanh,6,6,0.0017445690994,0.00164946606008,0.0271235479521,0.0264712743632
Tanh,Tanh,6,8,0.00142408884126,0.00135085495644,0.0258497456293,0.0252032078749
Tanh,Tanh,6,10,0.00136914834967,0.00126376486483,0.0239736777129,0.0235271953855
Tanh,Tanh,6,12,0.00139564268004,0.0012815515925,0.0240822892062,0.0233402632116
Tanh,Tanh,8,4,0.00262300630869,0.00249929355835,0.0350826024626,0.0348083208951
Tanh,Tanh,8,6,0.00155463076455,0.00147158209956,0.0277683006467,0.0271110804683
Tanh,Tanh,8,8,0.000893561610322,0.000832474921233,0.0199076614307,0.0195232335738
Tanh,Tanh,8,10,0.000561948585324,0.000504580272184,0.0140406222551,0.0136178989872
Tanh,Tanh,8,12,0.000547739544411,0.000495807761562,0.0144433994717,0.0142518304396
Tanh,ExpLin,2,4,0.00506382801326,0.004854512386,0.0502514509401,0.0497444718903
Tanh,ExpLin,2,6,0.00508093255593,0.00487345358531,0.0499680536375,0.0495627678949
Tanh,ExpLin,2,8,0.00501025126618,0.00480503616425,0.0499013150211,0.0494185839423
Tanh,ExpLin,2,10,0.00503623267354,0.00482887359518,0.050132733348,0.0496477232573
Tanh,ExpLin,2,12,0.00501536264312,0.00481941550689,0.0499198157986,0.049420139136
Tanh,ExpLin,4,4,0.00278568873053,0.00271921164807,0.0374937339008,0.0373612415376
Tanh,ExpLin,4,6,0.0026816788094,0.00250583173321,0.0356796962998,0.0349727675887
Tanh,ExpLin,4,8,0.00269787588324,0.00261194375434,0.0360267144658,0.0360479424171
Tanh,ExpLin,4,10,0.0026379273279,0.00254873124503,0.0357582751515,0.0356882137788
Tanh,ExpLin,4,12,0.00263842316419,0.00256048985892,0.0357051866159,0.035743088859
Tanh,ExpLin,6,4,0.00267503848483,0.00252778290583,0.0363254087838,0.0359516421302
Tanh,ExpLin,6,6,0.00154623586807,0.00148919547547,0.0261818775188,0.0257196612302
Tanh,ExpLin,6,8,0.00141526667381,0.00134398538086,0.0256670623913,0.0250162353779
Tanh,ExpLin,6,10,0.00136269556474,0.0012546363971,0.0238473246986,0.0234083003133
Tanh,ExpLin,6,12,0.00143709592124,0.00133352868004,0.0247855239981,0.0239500520314
Tanh,ExpLin,8,4,0.00261741737608,0.00249633015797,0.0350295051745,0.0347500878907
Tanh,ExpLin,8,6,0.0015268663562,0.0014594967256,0.027563000276,0.0269703735614
Tanh,ExpLin,8,8,0.000578917750837,0.000545883003264,0.0165140246215,0.0163914457145
Tanh,ExpLin,8,10,0.000584357348923,0.000526259683673,0.0145934340608,0.0141843461527
Tanh,ExpLin,8,12,0.000546058928084,0.000495759223198,0.0143635250922,0.0141991967455
ExpLin,Rectifier,2,4,0.0050912294296,0.00488062412029,0.0505266196149,0.0500382037948
ExpLin,Rectifier,2,6,0.00511517667314,0.00491283221382,0.0504522572088,0.0500387596361
ExpLin,Rectifier,2,8,0.00499779746169,0.00480502886679,0.0501126848869,0.0496186219376
ExpLin,Rectifier,2,10,0.00491108316945,0.00471573747314,0.0493526683333,0.0489961496233
ExpLin,Rectifier,2,12,0.00490927085654,0.00471238306175,0.0495702371419,0.0489876164899
ExpLin,Rectifier,4,4,0.00297002890848,0.00288599266008,0.0391325637185,0.0388833620367
ExpLin,Rectifier,4,6,0.00363369587774,0.00342471689552,0.0409219728712,0.0406102036483
ExpLin,Rectifier,4,8,0.00267735083833,0.00252493706242,0.0359370468141,0.0354364202285
ExpLin,Rectifier,4,10,0.00257268267235,0.00249734159028,0.035042815456,0.0349241747455
ExpLin,Rectifier,4,12,0.00270476814099,0.00262095237712,0.0368738585424,0.0368796727753
ExpLin,Rectifier,6,4,0.00508508516403,0.00487945226806,0.050352287878,0.0498801093044
ExpLin,Rectifier,6,6,0.00361856610828,0.00341987593418,0.0412092621726,0.0409534752736
ExpLin,Rectifier,6,8,0.00261699303276,0.00252068402915,0.035322149022,0.0352171246716
ExpLin,Rectifier,6,10,0.00203491987781,0.00195076187495,0.0301966757162,0.029751775644
ExpLin,Rectifier,6,12,0.00139316898226,0.00132220416708,0.0242026384032,0.02389816555
ExpLin,Rectifier,8,4,0.00506096290334,0.00485856826968,0.0501174266623,0.049666138387
ExpLin,Rectifier,8,6,0.00508717924967,0.00488787843482,0.0497062747499,0.0492778168024
ExpLin,Rectifier,8,8,0.00269953098039,0.00264470760252,0.0361163606519,0.0360748770281
ExpLin,Rectifier,8,10,0.00135216287653,0.00127114820714,0.0237889098593,0.0233821172935
ExpLin,Rectifier,8,12,0.000965631428831,0.000919802477527,0.0208088717004,0.020467232993
ExpLin,Sigmoid,2,4,0.00513089034565,0.00491707220552,0.0508728032188,0.0503606670526
ExpLin,Sigmoid,2,6,0.00523500491319,0.00502918258786,0.0504715350111,0.0500843204193
ExpLin,Sigmoid,2,8,0.00510990164123,0.00489294101819,0.0508636638012,0.050333818608
ExpLin,Sigmoid,2,10,0.00513732930007,0.00493781742477,0.0498331885162,0.0493936331404
ExpLin,Sigmoid,2,12,0.00516225207309,0.0049746484642,0.05073507374,0.0502600803142
ExpLin,Sigmoid,4,4,0.00366584953432,0.00347383839609,0.0422859430182,0.0419510746928
ExpLin,Sigmoid,4,6,0.00334113170433,0.00315251523192,0.0401483555644,0.0399465026479
ExpLin,Sigmoid,4,8,0.00369270916158,0.00347842316936,0.0428285220914,0.0423740601765
ExpLin,Sigmoid,4,10,0.00278380457796,0.00273828043131,0.0380279111473,0.0380637513214
ExpLin,Sigmoid,4,12,0.00281548811649,0.00270390946228,0.0373019722638,0.0371805308494
ExpLin,Sigmoid,6,4,0.0028351469409,0.00270439766583,0.037899095237,0.0374612405762
ExpLin,Sigmoid,6,6,0.00270228746922,0.00262660958498,0.0367492330329,0.0367481119767
ExpLin,Sigmoid,6,8,0.00177064246222,0.00171913699104,0.0291237489946,0.0290126559975
ExpLin,Sigmoid,6,10,0.00203708727462,0.00191968679744,0.0314336645774,0.0311183828066
ExpLin,Sigmoid,6,12,0.00171444437764,0.00163333278777,0.0282564630457,0.0276489998549
ExpLin,Sigmoid,8,4,0.0028792552188,0.00269031862993,0.0376928885891,0.0371330818517
ExpLin,Sigmoid,8,6,0.00245490337423,0.00235763495841,0.0352445293862,0.034880905354
ExpLin,Sigmoid,8,8,0.00186651035943,0.00182402616609,0.0301194996764,0.0298876942219
ExpLin,Sigmoid,8,10,0.00139192172593,0.00130590113043,0.0248979558231,0.0243547793716
ExpLin,Sigmoid,8,12,0.00110618066171,0.00105688128904,0.0232811572161,0.0229046416871
ExpLin,Tanh,2,4,0.00505780539917,0.00484870953686,0.0501321793963,0.0496357100313
ExpLin,Tanh,2,6,0.00506481635616,0.00485934114127,0.0500930511066,0.0496840752625
ExpLin,Tanh,2,8,0.00506212622164,0.00485125122479,0.0503158184645,0.0497790032502
ExpLin,Tanh,2,10,0.00507077918476,0.00486100561151,0.0502618630397,0.0497652028481
ExpLin,Tanh,2,12,0.00507013075933,0.00486572218792,0.0503293369814,0.0498458522144
ExpLin,Tanh,4,4,0.00278568118369,0.00271774927705,0.0373600251994,0.037236009491
ExpLin,Tanh,4,6,0.0027063144071,0.00251172171602,0.0356543865167,0.0348152944774
ExpLin,Tanh,4,8,0.00266912354386,0.002558783882,0.0356061812176,0.0354995239012
ExpLin,Tanh,4,10,0.00262724161426,0.00253849460494,0.0356060046719,0.0355637324633
ExpLin,Tanh,4,12,0.00267160257735,0.00259765015859,0.0359917295044,0.036026701427
ExpLin,Tanh,6,4,0.00264955429039,0.00249064016268,0.0358234271273,0.0353670393754
ExpLin,Tanh,6,6,0.00148482286807,0.00143927946024,0.0258844966735,0.025453835557
ExpLin,Tanh,6,8,0.00144011894206,0.00136799948206,0.025959207014,0.025327235898
ExpLin,Tanh,6,10,0.00153179024752,0.00146375573563,0.0270064369476,0.0267788677897
ExpLin,Tanh,6,12,0.00148257079154,0.00140105774586,0.0249162811584,0.0243243022203
ExpLin,Tanh,8,4,0.00262095611998,0.00249780085162,0.035088884679,0.0348003761992
ExpLin,Tanh,8,6,0.00143329178822,0.00133990682556,0.0256714095619,0.0250121467494
ExpLin,Tanh,8,8,0.000993478088411,0.000922625284195,0.0212433104547,0.0207744948006
ExpLin,Tanh,8,10,0.000578547785963,0.000515161744241,0.0139300592221,0.0134665952417
ExpLin,Tanh,8,12,0.000517442689479,0.00047021933577,0.0144807946927,0.0144023520363
ExpLin,ExpLin,2,4,0.00506251398964,0.00485285463722,0.0502848474735,0.0497692240578
ExpLin,ExpLin,2,6,0.00508236384694,0.00487367630709,0.0500682663875,0.0496453187026
ExpLin,ExpLin,2,8,0.00509422408137,0.00488824830136,0.050479218206,0.0500132214479
ExpLin,ExpLin,2,10,0.00504386027476,0.00483585688405,0.0501324516722,0.0496464526815
ExpLin,ExpLin,2,12,0.00502214654838,0.00482551212293,0.0500175689474,0.0495128375089
ExpLin,ExpLin,4,4,0.00281746921827,0.00274922713453,0.0378269792849,0.0376851869823
ExpLin,ExpLin,4,6,0.00271479417082,0.00252020572,0.0357067510502,0.0348797452332
ExpLin,ExpLin,4,8,0.00265817432529,0.00254905968066,0.0355764260928,0.0354732737338
ExpLin,ExpLin,4,10,0.00263850725328,0.00254789346235,0.0357921520171,0.0356942470226
ExpLin,ExpLin,4,12,0.0026366272175,0.00255577672446,0.035564011978,0.0355856675645
ExpLin,ExpLin,6,4,0.00266838842173,0.00252646625469,0.0363046695075,0.0359563462647
ExpLin,ExpLin,6,6,0.00149457285792,0.00144443894832,0.0259496012655,0.0255362318119
ExpLin,ExpLin,6,8,0.00144329212653,0.00136956390224,0.0258976691644,0.0252334074341
ExpLin,ExpLin,6,10,0.00142294233363,0.0013088892223,0.024786607986,0.0243342833072
ExpLin,ExpLin,6,12,0.00148921029164,0.00141236237922,0.02553891666,0.0249414489756
ExpLin,ExpLin,8,4,0.00261681176298,0.00249615942289,0.0350773393594,0.0347769034608
ExpLin,ExpLin,8,6,0.00145151328739,0.00136593072957,0.0262618484605,0.0256362368151
ExpLin,ExpLin,8,8,0.00102021841053,0.000963053904583,0.0216685844081,0.0212309638525
ExpLin,ExpLin,8,10,0.000611864437577,0.000550787440247,0.0147206249622,0.0143099482321
ExpLin,ExpLin,8,12,0.000521104372794,0.000472301106696,0.0142985476588,0.0142242075854
